"Name","Location","Training Type","Certification Expiration","Days Until Due"
"Lynn  Rogers ","Dallas Office","CPR/AED","07/28/2013","738"
"Lynn  Rogers ","Dallas Office","Flu Vaccinations","07/08/2012","353"
"Lynn  Rogers ","Dallas Office","CPR/AED","02/01/2012","N/A"
"Lynn  Rogers ","Dallas Office","CPR/AED","05/01/2011","N/A"
"Lynn  Rogers ","Dallas Office","CPR/AED","","No due date"
"James Connaly","Mobile Unit - Truck #07","EMS Safety Adult CPR/AED","10/01/2010","-293"
"James Connaly","Mobile Unit - Truck #07","CPR/AED","03/10/2010","-498"
"James Connaly","Mobile Unit - Truck #07","CPR/AED","03/01/2008","N/A"
"Sarah  Plummer ","Nashville Office","CPR/AED","03/10/2011","-133"
"Sarah  Plummer ","Nashville Office","CPR/AED","01/01/2008","N/A"
"Harvard  Reynolds ","Nashville Office","Flu Vaccinations","07/08/2011","-13"
"Harvard  Reynolds ","Nashville Office","CPR/AED","03/10/2011","-133"
"Harvard  Reynolds ","Nashville Office","CPR/AED","01/01/2008","N/A"
"Sam Johnstron","Stamford Office (Headquarters)","CPR/AED/First-Aid","01/05/2010","-562"
"Sam Johnstron","Stamford Office (Headquarters)","CPR/AED/First-Aid","03/15/2008","N/A"
"Fred Miller","Stamford Office (Headquarters)","CPR/AED/First-Aid","05/03/2010","-444"
"Fred Miller","Stamford Office (Headquarters)","Bloodborne Pathogens","03/01/2009","-872"
"Fred Miller","Stamford Office (Headquarters)","CPR/AED/First-Aid","03/15/2008","N/A"
"Fred Miller","Stamford Office (Headquarters)","CPR/AED/First-Aid","01/05/2008","N/A"
"Julie Nevers","Stamford Office (Headquarters)","CPR/AED/First-Aid","01/05/2010","-562"
"Julie Nevers","Stamford Office (Headquarters)","CPR/AED/First-Aid","03/15/2008","N/A"
"Timothy Samuels","Stamford Office (Headquarters)","errwrw","01/05/2010","-562"
"Timothy Samuels","Stamford Office (Headquarters)","CPR/AED/First-Aid","03/15/2008","-1223"